,data,time
0,,2021-10-14 15:05:20+00:00
1,"Related Topic
See top Tweets about these",2021-10-14 15:05:20+00:00
2,"Artificial intelligence
Technology
Follow",2021-10-14 15:05:20+00:00
3,"ai | med school  
@miss_svtmafia
·
3m
once again, ""hi, i'm seventeen's music producer woozi"" 
@pledis_17
From 
우지.mp4
320
476",2021-10-14 15:05:20+00:00
4,"Artificial intelligence
Crypto NFT GANG 
@CryptoNftGANG
·
3h
AI Raptors - A collection of AI created F-22 Raptor artwork.

Follow- 
@ZoisAvgerinos
 

Available On #opensea - https://opensea.io/collection/ai-raptors…

Flor Price- 0.01ETH
GIF
9
776
752",2021-10-14 15:05:20+00:00
5,"BravoIntel
@bravoINTEL
·
4m
Battlefield 2042 Hazard Zone also features AI bots that are protecting the data drives. 

Players must retrieve the data drives and extract them. There are two extraction points during a game, and two teams will be successful in extraction.
10
14
113",2021-10-14 15:05:20+00:00
6,"ai | med school  
@miss_svtmafia
·
5m
JOSHA AND VERNON!!! ROCKET LINE COMEBACK!!!

ATTACCA TRACKLIST
#Attacca_D7 
@pledis_17

#SEVENTEEN #세븐틴
1
282
421",2021-10-14 15:05:20+00:00
7,"Artificial intelligence
The Verge
@verge
·
3h
Facebook is researching AI systems that see, hear, and remember everything you do https://theverge.com/2021/10/14/22725894/facebook-augmented-reality-ar-glasses-ai-systems-ego4d-research?utm_campaign=theverge&utm_content=chorus&utm_medium=social&utm_source=twitter…
30
115
232",2021-10-14 15:05:20+00:00
8,"ai | med school  
@miss_svtmafia
·
5m
The way this photo alone screams ""SELF PRODUCING IDOLS"" indeed

#ATTACCA TRACKLIST
#Attacca_D7 
@pledis_17

#SEVENTEEN #세븐틴
1
513
697
Show this thread",2021-10-14 15:05:20+00:00
9,"AltarOfEgo 
@unidentifiedta1
·
5m
AI and Quantum is a form of “reverse engineering” of this Uni-verse.

This isn’t reverse engineering “alien tech”...we are reverse engineering...

God’s Tech

The Beautiful Apocalypto


GIF
1
3
5",2021-10-14 15:02:54+00:00
10,"DonbassAbamValentinko
@Donbassovich
·
2m
This image was taken by AI. Do not be surprised.",2021-10-14 15:02:54+00:00
11,"CoinDoggie
@SunsetZen1
·
13m
Two of my works combined using AI to make a simple “wave of bubbly”
1
1",2021-10-14 15:02:54+00:00
12,"mads²³ ⧗ glee era
@agrons_ai
·
2m
rest.
0:09
40.2K views
From 
쟌큐",2021-10-14 15:02:54+00:00
13,"mads²³ ⧗ glee era
@agrons_ai
·
1m
it's gonna start getting colder here the week we are on fall break ",2021-10-14 15:02:54+00:00
14,"Poetry Quotes
@SmileAI10
·
4m
Poetry is a sort of homecoming.
- Paul Celan -

#Poetry",2021-10-14 15:02:54+00:00
15,"tougeAI
@tougeAI
·
21m
Picked up the only 
@uwucrewnft
 Wagie 2B to go with my Bunny 2B earlier. Only 18 Silver Pixie hair and Blindfold combos exist it was too cheap to pass at 0.18e. #NFTcollectibles
1
6",2021-10-14 15:02:54+00:00
16,"Plume
@plume
·
40s
WorkPass will do the heavy lifting regarding cyber-security with always-on AI monitoring that guards against threats. #CybersecurityAwarenessMonth
 
Learn more: https://bit.ly/3FjxJNW",2021-10-14 15:02:54+00:00
17,"favorite
@aedoie
·
5m
sir what if ai gets hacked",2021-10-14 15:03:00+00:00
18,"Skyenet
@Kyr_AI
·
7m
Replying to 
@PanMeowsol
 hate everyone equally 
From 
Skyenet",2021-10-14 15:03:00+00:00
19,"AI Images - Video Game Quotes
@AIImagesVideoG
·
8m
Red Dead Redemption | 'Some trees flourish, others die'
2",2021-10-14 15:03:00+00:00
20,"Daily Star
@dailystar
·
9m
#NuraTrue earphones by 
@nurasound
 use AI to tailor sound to your ears—but do they deliver?

https://dailystar.co.uk/tech/nuratrue-earphones-use-ai-tailor-25143119…",2021-10-14 15:03:00+00:00
21,"Ai 
@seulbearsmile
·
5m
It looks like some germ commercial... 
0:23
26.1K views
From 
SMTOWN
2
1",2021-10-14 15:03:00+00:00
22,"niko
@niko
·
18m
we’re fucked fr now :| anyways hi robots im such a big fan pls dont kill me when the ai takes over xoxoxox <3
1",2021-10-14 15:03:00+00:00
23,"TheSequence
@TheSequenceAI
·
17s
CS 224: Advanced Algorithms course by 
@minilek
 
@Harvard
 is open for everyone!

- Lecture slides and videos
- Assignments

For more: http://people.seas.harvard.edu/~minilek/cs224/fall14/index.html…
1",2021-10-14 15:03:00+00:00
24,"Connie N Ahlberg
@cjnapoet
·
1m
Replying to 
@anitamariaAn
 
@Edward733
  and 44 others
Good Morning, passionate advocate for the Good everywhere.",2021-10-14 15:03:00+00:00
25,"Mary Elizabeth
@lyann888
·
2m
CINDERELLA x THE FIFTH ELEMENT 
Imagine awaking in 2090 at a time when you can fly in a drone and chat with AIs
but with no recollection of your past, only to discover you are a hitman.
But Ella realizes that she might have been framed.
#A #DC #DR #T #SF #CP #SFT #DS #PitDark
4
1",2021-10-14 15:03:00+00:00
26,"J. Cerquides @ Work
@JCerquidesW
·
19m
And finally Yoshua Bengio reporting on ""AI for social good""",2021-10-14 15:03:00+00:00
27,"Tech Won't Save Us
@techwontsaveus
·
20m
Facebook AI team’s new project “imagines AI systems that are constantly analyzing peoples’ lives using first-person video; recording what they see, do, and hear in order to help them with everyday tasks.”

Seriously, can they read the room?
theverge.com
Facebook is researching AI systems that see, hear, and remember everything you do
Facebook outlines ambitions for augmented reality glasses
2
20",2021-10-14 14:48:18+00:00
28,"ais  at uni
@0tsunoir
·
20m
SO CUTE
9",2021-10-14 14:48:18+00:00
29,"ais
@ytsheeseung
·
13m
happy birthday, dear!  

#OurGreatestLoveHEESEUNG
#어텐션_플리즈_모두_희승_생일_주목해 #ENHYPEN 
@ENHYPEN_members
 
@ENHYPEN
2
1
2",2021-10-14 14:48:18+00:00
30,"ARCADIAN.AI
@AiArcadian
·
11m
#IFSEC International is an annual trade fair and conference for the global security industry. According to them, businesses tend to upgrade their physical security every 5 years. But did you know with Arcadian, you may keep ALL your existing infrastructure? 

info@arcadian.ai
1",2021-10-14 14:48:18+00:00
31,"Campaign: Media
@CampaignMedia
·
13m
Campaign AI global new-biz round-up: August billings exceed $6bn: https://buff.ly/3vjbQcY",2021-10-14 14:48:18+00:00
32,"ai_curio_bot (CURRENTLY ON P100, 4 MIN PER IMAGE)
@ai_curio_bot
·
8m
[Automatic Post]
Model: Zoetrope 5.5
Text Prompts: Wendy's VS Ronald McDonald VS Burger King.
Quote Tweet
Alex
@helpmeimenby
 · 1h
@ai_curio_bot botprompt: Wendy's VS Ronald McDonald VS Burger King.
4",2021-10-14 14:48:18+00:00
33,"SolidCal
@Solidcal
·
9s
Back to work and getting me lazy butt to continue the #yakuzadeadsouls vid. Also decided to ai upscale a couple of the game's pre-rendered vids for the reviews footage, cause I wanna be fancy. ",2021-10-14 14:48:18+00:00
34,"Shephard News
@ShephardNews
·
2m
Putting the soldier at the centre of AI design (Studio) https://shephardmedia.com/news/digital-battlespace/putting-the-soldier-at-the-centre-of-ai-design/?utm_source=twitter&utm_medium=auto_post&utm_campaign=news_promo… 
@systel_inc
 
@armyfutures
 
@anduriltech
 #ausa",2021-10-14 14:48:18+00:00
35,"Slasher Costanza-Chop
@schock
·
12m
""Looking forward"" to analysis of what, and who, is included and excluded from ego4D dataset. Sigh.
theverge.com
Facebook is researching AI systems that see, hear, and remember everything you do
Facebook outlines ambitions for augmented reality glasses
1
3",2021-10-14 14:48:18+00:00
36,"Bran G. Smith
@BranGSmith
·
8m
Interested in the application of AI in neurosurgery?

A brilliant foundation & overview of its widespread, peri-operative roles in brain tumour surgery by 
@SimonWNeuro
 & 
@WEISS_UCL
 team  a must-read!

Open access: https://doi.org/10.3390/cancers13195010…
2",2021-10-14 15:01:03+00:00
37,"EfinixInc
@efinixinc
·
15m
Final day of 
@ValleymlAi
's #AI Expo. We're speaking at 10 a.m. Pacific on Re-Defining The Edge With our Quantum Technology: https://valleyml.ai/aiexpo2021/agenda/…",2021-10-14 15:01:03+00:00
38,"Entropy Art AI
@entropy_p
·
5m
Yeah but sometimes it really hurt 
#NFT #Entropy #AI",2021-10-14 15:01:03+00:00
39,"Leslie Wingate
@nttdata_mlw
·
10m
Harnessing data with #AI can advance your medical imaging results and ROI. Learn more in this panel discussion from #CMIMI21 
@SIIM_Tweets
youtube.com
How Artificial Intelligence Impacts ROI in Medical Imaging: Industry...
Watch this panel of top industry insiders as they discuss the possibilities and applications of artificial intelligence on medical imaging, especially its ef...",2021-10-14 15:01:03+00:00
40,"Sophos Artificial Intelligence
@SophosAI
·
16m
Excited to attend CAMLIS 2021!
http://camlis.org/2021/schedule
4 talks from our work:
Risk-mapping the IPv4 space (
@tamasV2
)
Clustering-supported threat hunting (
@awalinsopan
)
Detecting exploitation of CPU bugs (
@jarvision__
)
The SOREL20M benchmark malware dataset (
@rharang
 / E. Rudd)
camlis.org
2021 Schedule — CAMLIS 2021
3
2",2021-10-14 15:01:03+00:00
41,"Ahmed
@Ahmedhasman
·
11m
At 
@theksociety
 #activate is running a hackathon to solve a world problem with emerging tech. Anything from AI to Blockchain to BCIs. My team will be working on using alternative energy with carbon capture.
1
1
Show this thread",2021-10-14 15:01:03+00:00
42,"Hydro International
@hydro_intl
·
4m
With the ever-increasing and affordable availability of capacity and computing power to process and store data, the emergence of artificial intelligence (AI) in marine geomatics, ocean sciences and hydrography is palpable. https://hydro-international.com/content/article/the-emergence-of-ai-in-the-hydrography-sector?utm_campaign=meetedgar&utm_medium=social&utm_source=meetedgar.com…
1",2021-10-14 15:01:03+00:00
43,"★ Mina Star @ kittims ★
@AmyZenunim
·
17m
""my mother just died... I'm heartbroken... please send hugs I feel so alone""

>>> Northrop Gunman CyberMax Full Spectrum Cyber - ""Kill your enemies with the cold, calculating precision of an unfeeling machine (now with blockchain cloud AI)"" [ Promoted] <<<
Quote Tweet
bruce.falck() 
@boo
 · 23h
Starting today, we’re trying something different and testing a new ad format in Tweet conversations. If you’re a part of this test (which is global; on iOS & Android only), you’ll see ads after the first, third or eighth reply under a Tweet. 
Show this thread
GIF
9
13",2021-10-14 15:01:03+00:00
44,"Ais | Prelude of Love
@flower23_icha
·
4m
FRESHHHHHHHH",2021-10-14 15:01:03+00:00
45,"NewIntelligence_MTL
@NewIntel_MTL
·
9m
If you are in business, sustainable growth is probably a concern of yours. Read more about how this can be achieved with #data and #AI .
https://hubs.li/H0Zn-R30

#automation",2021-10-14 15:01:03+00:00
46,"Gᴇʀᴀʀᴅ Bᴀʀʀʏ
@gtbarry
·
8m
AIOps adoption rates and reveal a heightened level of confidence and trust as companies invest in AI to make their IT operations smarter, faster, and more secure.

#artificialintelligence #ai #IT #ops #security #cybersecurity #technology #tech #innovation
finance.yahoo.com
Artificial Intelligence Key to Business Continuity and Security Finds New Masergy State of AIOps...
DALLAS, October 12, 2021--AIOps adoption accelerates to improve employee and customer experiences as well as security
1",2021-10-14 15:00:23+00:00
47,"Nanalyze
@nanalyzetweets
·
6m
We simply can’t judge how well Satellogic’s #AI matches up to the competition, which isn’t just limited to space companies with #satellite constellations.
nanalyze.com
Satellogic Stock: Turning Earth into Google Maps - Nanalyze
Satellogic is one of a dozen space companies going public through a SPAC merger. Should investors in geospatial intelligence buy Satellogic stock?
1",2021-10-14 15:00:23+00:00
48,"ais
@http_jeonghan
·
5m
ROCKET LINE NEW SONGGG!!",2021-10-14 15:00:23+00:00
49,"sambalaji
@sambalaji
·
18m
Predicting causes of #climatechange and identifying early warning signs of disease are just two examples of how #AI can be used to address some of the biggest challenges facing society. #AIforGood
deloitte.com
Ten ways AI can be used for good
Artificial intelligence is the main driver of emerging technologies like big data, robotics and IoT, allowing us to process and analyze information at breakneck speeds and perform complex functions....
1",2021-10-14 15:00:23+00:00
50,"CryptoReview
@cryptoreview_ai
·
8m
DOGE reddit_comments_count trend in the past 24 hrs 
 (Note: Analysis in beta mode, ping us for questions) 
 #doge #dogecoin #cryptoreview_ai #cryptocurrency #redditstats",2021-10-14 15:00:23+00:00
51,"Yixin
@yifullofsin
·
19m
When I was in college, I kept telling my European and American peers that Dalai Lama and Ai Weiwei are ass. They were shocked.
3
9",2021-10-14 15:00:23+00:00
52,"Mireille Hildebrandt
@mireillemoret
·
39s
Yoshua Bengio calls for major investment of government in AI that functions as a public good ⁦
@acai2021
⁩",2021-10-14 15:00:23+00:00
53,"Aisling (Ais)
@HeaveyAisling
·
8s
Trying to get all of these lectures completed before next week  #BAHTLevel1",2021-10-14 15:00:23+00:00
54,"AIS Network
@AIS_Network
·
5s
For a limited time, AISN is offering a FREE Vulnerability Consultation for your business! Our expert will cover Vulnerability Scanning Best Practices, Penetration Testing Ideas, Server Patching Timelines, Remediation Processes, and more! Sign up NOW!!!
https://hubs.la/H0YD_gr0",2021-10-14 15:00:23+00:00
55,"CultureMap Houston
@culturemap
·
7s
University of Houston powers up AI research thanks to $50M grant
houston.culturemap.com
University of Houston powers up AI research thanks to $50M grant
A$50 million grant from the National Institutes of Health is expanding research in machine learning and artificial intelligence, and the University of Houston now has a seat at the table. ...
1",2021-10-14 15:00:23+00:00
56,"Ai 
@yesunekoo
·
5m
yaning's nails were purple and yellow for all 3 of these lol, probably bc she wanted to match her blonde hair & purple outfit from o.o.o but she didn't have time to change it again when she had to do snake in mcd #GirlsPlanet999 #푸야닝 #符雅凝  #FuYaning #ヤーニン
1
1
8
Show this thread",2021-10-14 15:03:51+00:00
57,"Intuendi
@intuendi
·
20m
The ongoing shipping crisis, port congestion and truck shortages has added a new level of difficulty to the supply chain. There is no magic solution, but our AI and intelligent replenishment collaborates with each business to tackle this challenge. https://edition.cnn.com/2021/10/12/business/global-supply-chain-nightmare/index.html… #AI
edition.cnn.com
The global supply chain nightmare is about to get worse
Computer chip shortages. Epic port congestion. And a serious lack of truck drivers. The world's delicate supply chains are under extreme stress.",2021-10-14 15:03:51+00:00
58,"BTC AI Prediction Bot
@BTC_AI_bot
·
9m
Sell Bitcoin $BTC @ 57385.55",2021-10-14 15:03:51+00:00
59,"Erwin Jack
@ErwinJack_
·
16m
How many calls does each person on your sales team make per week?
 
Ultimately, how many of these turn into closed sales?
 
Is this the best use of their time?
 
Is this cost-effective?
 
Is there a better way?
 
I can tell you, there is.
 
#AI #Marketing…
linkedin.com
Erwin Jack on LinkedIn: #AI #Marketing #Sales
How many calls does each person on your sales team make per week?   Ultimately, how many of these turn into closed sales?   Is this the best use of their...",2021-10-14 15:03:51+00:00
60,"CryptoReview
@cryptoreview_ai
·
8m
DOGE reddit_posts_count trend in the past 24 hrs 
 (Note: Analysis in beta mode, ping us for questions) 
 $doge $dogecoin #cryptoreview_ai #cryptocurrency #redditstats
1",2021-10-14 15:03:51+00:00
61,"ccru_net
@ccru_net
·
51s
While – thank God - psychotic AIs are still to come.",2021-10-14 15:03:51+00:00
62,"NWT BDIC
@NWTBDIC
·
7s
""Artificial intelligence (#AI) is the simulation of human intelligence processes by machines. AI greatly benefit businesses. TechYukon is hosting virtual sessions on AI and data analytics.

More information at: http://Northofai.com
Register at: info@bdic.ca""",2021-10-14 15:03:51+00:00
63,"Sandy Lau
@wysl5_lau
·
6m
Voice cloning technology sparks another way for fraudsters to leverage technology to steal data and spread misinformation. Does this AI technology work more in favour of fraudsters than its legitimate purpose?

@TechPolicyMPhil
 #techpol21w1
Quote Tweet
BBC Current Affairs
@BBC_CurrAff
 · 13 Oct
As voice cloning technology gets more sophisticated, how might it affect our society, our politics, and our personal interactions? 

Find out more on Analysis on @BBCSounds.

https://bbc.co.uk/programmes/m0010ggp…",2021-10-14 15:03:51+00:00
64,"AI6YR
@ai6yrham
·
8s
Replying to 
@mjbmab1
The 154 only gets you to Santa Barbara, it's not bad but it's clogged. Going north from Santa Barbara requires heading south to LA and then north (!).",2021-10-14 15:03:51+00:00
65,"Shashi Bellamkonda+
@shashib
·
5m
The latest The Machine learning Daily! https://paper.li/shashib/1511535667?pub_id=3c1c807e-7ff1-4268-a851-bcadfa743708… #machinelearning #ai
paper.li
How Organizations Make Sense of Big Data and Artificial Intelligence Strategy
bbntimes.com Artificial intelligence (AI) helps organizations to make timely and accurate decisions from data in almost every field of study.
2",2021-10-14 15:03:51+00:00
66,"AI6YR
@ai6yrham
·
14s
Replying to 
@mjbmab1
The 154 only gets you to Santa Barbara, it's not bad but it's clogged. Going north from Santa Barbara requires heading south to LA and then north (!).",2021-10-14 15:09:08+00:00
67,"Shashi Bellamkonda+
@shashib
·
5m
The latest The Machine learning Daily! https://paper.li/shashib/1511535667?pub_id=3c1c807e-7ff1-4268-a851-bcadfa743708… #machinelearning #ai
paper.li
How Organizations Make Sense of Big Data and Artificial Intelligence Strategy
bbntimes.com Artificial intelligence (AI) helps organizations to make timely and accurate decisions from data in almost every field of study.
2",2021-10-14 15:09:08+00:00
68,"MarineTraffic
@MarineTraffic
·
17m
That same potential spill would reportedly create major challenges for global trade as it could block the flow through the Strait of Bab el-Mandeb. AIS shows that almost 2K vessels crossed this strategic waterway last September.

More info about the area https://marinetraffic.com/en/ais/home/centerx:42.6/centery:15.1/zoom:7…
1
1
4
Show this thread",2021-10-14 15:09:08+00:00
69,"ORA BAKUL ORA MADANG
@Ais_ahja
·
18m
Replying to 
@BisnisAnakMuda
amin",2021-10-14 15:09:08+00:00
70,"Stephane Aubry, PIPSC VP IPFPC
@Steph_Aubry
·
4m
Helping PIPSC members prepare for the workplaces of tomorrow https://pipsc.ca/news-issues/announcements/helping-pipsc-members-prepare-workplaces-tomorrow… #PS #AI 
@PIPSC_IPFPC
pipsc.ca
Helping PIPSC members prepare for the workplaces of tomorrow
We’re working with the Future Skills Centre to help our members thrive within a changing labour market.",2021-10-14 15:09:08+00:00
71,"Massachusetts Health Data Consortium
@mahealthdata
·
2m
We worry about information overflow. If we provide too much people stop reading. Labeling needs to be helpful but not overwhelming suggests to Pat Baird of 
@PhilipsNA
 at the 
@US_FDA
 Medical Device #AI workshop",2021-10-14 15:09:08+00:00
72,"Amelia
@IPsoft
·
5s
Say goodbye to long wait-times and frustrated customers. Conversational AI delivers frictionless customer experiences at scale by addressing your customers' requests end-to-end.
amelia.ai
Creating Seamless Customer Experiences with Conversational AI
Conversational AI improves customer experiences by reducing friction and providing high-touch service at scale.",2021-10-14 15:09:08+00:00
73,"ToolsGroup
@ToolsGroup
·
3s
The pressure to keep up with Amazon's fast, decentralized fulfillment network and difficulties finding workers has further bolstered the case for smart robot investment as top retailers aim to boost margins. READ ON https://bit.ly/3ayYcsF  #demandplanning #retailsc #ai
supplychaindive.com
Top retailers will establish robot resource departments as demand grows: Gartner
Further investment in robots is one way companies are boosting fulfillment center productivity, as orders get processed closer to the point of delivery in a new era for retailers.",2021-10-14 15:09:08+00:00
74,"ً
@AIIiseeisred
·
16m
That shit is so cringe
1",2021-10-14 15:09:08+00:00
75,"World Summit AI: No.1 since 2016 #WeAreTheSummit
@WorldSummitAI
·
15m
We're delighted to have 
@KayFButterfield
 opening up our panel on 
@wef
's Global AI Action Alliance 
and how #AI impacts marginalized communities on main stage at #WSAI21
1
2
5
Show this thread",2021-10-14 15:09:08+00:00
76,"iain massingham
@iainmassingham
·
11m
Great to chat to 
@AidanMatear
 as AI plan a further disability awareness/person centred planning training session. Watch 
@AFCMasters
 and our twitter feeds for how to get involved #disabilityawareness #football4all #training
1",2021-10-14 15:09:08+00:00
77,"AI Business
@Business_AI
·
9m
Problems of tomorrow  

Storied IT giant 
@IBM
 has secured two major artificial intelligence partnerships, in a key win for the firm.

Find out more: http://spr.ly/6012JzfaY",2021-10-14 15:09:08+00:00
78,"ToolsGroup
@ToolsGroup
·
9s
The pressure to keep up with Amazon's fast, decentralized fulfillment network and difficulties finding workers has further bolstered the case for smart robot investment as top retailers aim to boost margins. READ ON https://bit.ly/3ayYcsF  #demandplanning #retailsc #ai
supplychaindive.com
Top retailers will establish robot resource departments as demand grows: Gartner
Further investment in robots is one way companies are boosting fulfillment center productivity, as orders get processed closer to the point of delivery in a new era for retailers.",2021-10-14 15:09:19+00:00
79,"ً
@AIIiseeisred
·
16m
That shit is so cringe
1",2021-10-14 15:09:19+00:00
80,"World Summit AI: No.1 since 2016 #WeAreTheSummit
@WorldSummitAI
·
15m
We're delighted to have 
@KayFButterfield
 opening up our panel on 
@wef
's Global AI Action Alliance 
and how #AI impacts marginalized communities on main stage at #WSAI21
1
2
5
Show this thread",2021-10-14 15:09:19+00:00
81,"iain massingham
@iainmassingham
·
12m
Great to chat to 
@AidanMatear
 as AI plan a further disability awareness/person centred planning training session. Watch 
@AFCMasters
 and our twitter feeds for how to get involved #disabilityawareness #football4all #training
1",2021-10-14 15:09:19+00:00
82,"AI Business
@Business_AI
·
9m
Problems of tomorrow  

Storied IT giant 
@IBM
 has secured two major artificial intelligence partnerships, in a key win for the firm.

Find out more: http://spr.ly/6012JzfaY",2021-10-14 15:09:19+00:00
83,"CryptoReview
@cryptoreview_ai
·
8m
DOGE reddit_posts_upvotes trend in the past 24 hrs 
 (Note: Analysis in beta mode, ping us for questions) 
 $doge $dogecoin #cryptoreview_ai #cryptocurrency #redditstats
2",2021-10-14 15:09:19+00:00
84,"Ben Bartup
@BennyCalloused
·
4s
@EASPORTSFIFA
 please update PL subs to 9 rather than 7 and European subs to 12 with 5 subs allowed. Bit bad that the most authentic football game hasn’t got this right  It would also be great if the AI didn’t just score worldies and actually gave free kicks away #FIFA22 #FixIt",2021-10-14 15:09:19+00:00
85,"媚 ^♡^
@ai_mxtcha
·
5m
Sooooooooooooooooo
WHERE'S THE DANCE PRACTICE FOR QUEENDOM???
Quote Tweet
SMTOWN
@SMTOWNGLOBAL
 · 9m
Red Velvet 레드벨벳 'Queendom (Demicat Remix)' MV Teaser

https://youtu.be/lny-58fAcMo

iScreaM Vol.11 : Queendom Remix

➫ 2021.10.15 6PM KST 

#Queendom #퀸덤
#레드벨벳 #RedVelvet 
#Remix
#Demicat 
#iScreaM
#ScreaMRecords 
#SMTOWN",2021-10-14 15:09:19+00:00
86,"Fiddler AI
@fiddlerlabs
·
4s
This year during #XAISUMMIT21, 
@yschlesinger
, Principal of Ethical AI Practice at 
@Salesforce
 will discuss: “Where To Next?: An AI Ethics Maturity Model”. Learn how an AI ethics maturity model can create a more responsible culture and processes: https://hubs.ly/H0ZfL0F0 #AIEthics",2021-10-14 15:09:19+00:00
87,"Partnership on AI
@PartnershipAI
·
22m
In a future full of manipulated media, how should we label #AI content in an understandable way? And how might it backfire? Learn more in our blog from 
@tommyshane
, 
@saltzshaker
, and PAI’s 
@CLeibowicz
.
medium.com
From Deepfakes to TikTok Filters: How Do You Label AI Content?
In a future full of media manipulated by artificial intelligence, we will need to indicate what is real and what has been faked by AI.
3
6",2021-10-14 15:09:19+00:00
88,"Partnership on AI
@PartnershipAI
·
22m
In a future full of manipulated media, how should we label #AI content in an understandable way? And how might it backfire? Learn more in our blog from 
@tommyshane
, 
@saltzshaker
, and PAI’s 
@CLeibowicz
.
medium.com
From Deepfakes to TikTok Filters: How Do You Label AI Content?
In a future full of media manipulated by artificial intelligence, we will need to indicate what is real and what has been faked by AI.
3
6",2021-10-14 14:47:06+00:00
89,"AI
@AI_National
·
4m
Considering a career in professional #valuation services? Your journey should start with Basic Appraisal Principles. Taking place Nov. 1-11, this course should provide a solid foundation in basic #appraisal principles, no matter what specialty you pursue. http://ow.ly/kisL50GrmMo",2021-10-14 14:47:06+00:00
90,"Fahim Moledina | Tech | Innovation | Lean | Agile
@fahimmoledina7
·
6m
How AI is fuelling innovation in financial services #Innovation #ui via http://twinybots.ch
raconteur.net
How AI is fuelling innovation in financial services - Raconteur
In 2019, before the coronavirus crisis triggered the acceleration of digital transformation worldwide, Gartner predicted that by 2021 ""CIOs will be as responsible for culture change as chief HR...",2021-10-14 14:47:06+00:00
91,"DeepAI
@Deep__AI
·
4m
The Dawn of Quantum Natural Language Processing
https://deepai.org/publication/the-dawn-of-quantum-natural-language-processing…
by 
@rdisipio
 et al.
#LongShortTermMemory #DeepLearning
deepai.org
The Dawn of Quantum Natural Language Processing
10/13/21 - In this paper, we discuss the initial attempts at boosting understanding human language based on deep-learning models with quantum...
2",2021-10-14 14:47:06+00:00
92,"Ryan Law
@thinking_slow
·
7m
one hour to go! hot takes abound as we tackle the spicy topic of AI in content marketing: the good, the bad, and the *really* ugly

 bring popcorn

RSVP below (or follow 
@clearscope
 on YouTube if you're more of an on-demand kinda person):
us02web.zoom.us
Welcome! You are invited to join a webinar: How AI Can Make Content Better (And Much, Much Worse)....
Join guest speaker Ryan Law from Animalz, a content marketing agency that delivers high-quality content, for a presentation on ""How AI Can Make Content Better (And Much, Much Worse)"". The webinar...
1",2021-10-14 14:47:06+00:00
93,"NWT BDIC
@NWTBDIC
·
5s
Artificial intelligence (#AI) is the simulation of human intelligence processes by machines. AI greatly benefit businesses. TechYukon is hosting virtual sessions on AI and data analytics.

More information at: http://Northofai.com
Register at: info@bdic.ca",2021-10-14 14:47:06+00:00
94,"ais  at uni
@0tsunoir
·
7s
Selen and kne dynamic
1",2021-10-14 14:47:06+00:00
95,"TheCryptoDoc
@TheCryptoDoc1
·
5s
 $ORAI 
@oraichain
 
The World's FIRST AI Oracle for Blockchains

 http://yAI.finance
 Data Hub
 Royalty protocol
 Oraidex coming soon!
 Marketing soon!

With a World class team that is constantly building, this is a No-Brainer!

#GEM #UNDERVALUED #SOL",2021-10-14 14:47:06+00:00
96,"World Summit AI: No.1 since 2016 #WeAreTheSummit
@WorldSummitAI
·
2s
""It will always be hard to not have people who misuse technology. Perhaps, in the future #AI can be designed to regulate and detect this itself. Being open and transparent about these problems will eventually lead to a better use of #AI""
Manuela Veloso, 
@jpmorgan
 #WSAI21
Show this thread",2021-10-14 14:47:06+00:00
97,"TheCryptoDoc
@TheCryptoDoc1
·
11s
 $ORAI 
@oraichain
 
The World's FIRST AI Oracle for Blockchains

 http://yAI.finance
 Data Hub
 Royalty protocol
 Oraidex coming soon!
 Marketing soon!

With a World class team that is constantly building, this is a No-Brainer!

#GEM #UNDERVALUED #SOL",2021-10-14 15:09:31+00:00
98,"World Summit AI: No.1 since 2016 #WeAreTheSummit
@WorldSummitAI
·
8s
""It will always be hard to not have people who misuse technology. Perhaps, in the future #AI can be designed to regulate and detect this itself. Being open and transparent about these problems will eventually lead to a better use of #AI""
Manuela Veloso, 
@jpmorgan
 #WSAI21
Show this thread",2021-10-14 15:09:31+00:00
99,"ais✰
@pinkeunbins
·
10m
Lmao I’m so dumb",2021-10-14 15:09:31+00:00
100,"ai ko 
@ailoveyuts
·
2m
CLASSIC #JOHNNY 

#NCT127 #Favorite
#NCT127_Favorite 
@NCTsmtown_127",2021-10-14 15:09:31+00:00
101,"Healthcare IT News
@HealthITNews
·
4m
In his roles at India’s 
@HospitalsApollo
, Dr Sujoy Kar is working to bring forth the value of #digitalhealth and clinical AI. #smartHIT
healthcareitnews.com
Embracing emerging technologies
In his roles at India’s Apollo Hospitals, Dr Sujoy Kar is working to bring forth the value of digital health and clinical AI.",2021-10-14 15:09:31+00:00
102,"Heather Elder
@heathereldersf
·
9m
How do you cast human talent to represent an artificial intelligence (AI) technology? With their narrative-driven conceptual talent, photography duo Kremer/Johnson were up for the challenge for the AI Foundation. Learn more https://wp.me/pWGzW-5YR",2021-10-14 15:09:31+00:00
103,"Robert Troy TD
@RobertTroyTD
·
6s
Participating in the Informal Telecoms discussion on AI with my counterparts in Europe 

Constructive & important engagement as #AI provides opportunities to drive productivity & can benefit society as a whole ",2021-10-14 15:09:31+00:00
104,"O'Reilly Media
@OReillyMedia
·
21m
Which Technologies Will Impact Your Salary and Promotions the Most? 
@Dicedotcom
 looks at the results of our 2021 Data and AI Salary Survey https://insights.dice.com/2021/10/04/which-technologies-will-impact-your-salary-and-promotions-the-most/… #Data #AI #Certifications
insights.dice.com
Which Technologies Will Impact Your Salary and Promotions the Most?
Focusing on a particular technology can translate into better job opportunities and/or higher salary. But which technologies will do that?
2",2021-10-14 15:09:31+00:00
105,"Cipher
@cipher_ai
·
12m
http://Cipher.ai turns 8 https://youtu.be/uEtgvA7XHso Thank you to all our customers, followers and team members. 
#CipherAI #IP
youtube.com
Cipher.ai turns 8
Pioneers in providing strategic patent intelligence. We are the only company that maps patents to technology. For more information https://bit.ly/3lDT1xI",2021-10-14 15:09:31+00:00
